Employee_ID,Name,Age,Gender,Department,Designation,Salary,Experience,Join_Date,City,Performance_Score,Email
1001,Ava Patel,31,Male,Engineering,Software Engineer,148810,7,2016-03-03,Chicago,4.1,ava.patel1@example.com
1002,Liam Chen,30,Female,Finance,Finance Manager,83289,11,2022-03-26,Seattle,3.9,liam.chen2@example.com
1003,Sophia Nguyen,26,Male,HR,HR Director,120302,2,2012-02-07,Austin,4.0,sophia.nguyen3@example.com
1004,Noah Williams,25,Female,Operations,Project Coordinator,131237,5,2014-06-17,Denver,4.6,noah.williams4@example.com
1005,Mia Johnson,50,Male,Marketing,Marketing Coordinator,156924,25,2020-01-28,Miami,4.4,mia.johnson5@example.com
1006,Ethan Brown,34,Female,Sales,Regional Sales Lead,65851,15,2019-06-25,Atlanta,4.2,ethan.brown6@example.com
1007,Isabella Garcia,37,Male,Engineering,Frontend Developer,85379,19,2017-07-20,New York,3.9,isabella.garcia7@example.com
1008,James Martinez,30,Female,Finance,Finance Director,114797,8,2017-09-18,Los Angeles,4.5,james.martinez8@example.com
1009,Charlotte Davis,53,Male,HR,Senior HRBP,70695,25,2012-10-19,San Francisco,4.9,charlotte.davis9@example.com
1010,Benjamin Wilson,29,Female,Operations,Operations Director,114615,9,2016-07-29,Boston,4.7,benjamin.wilson10@example.com
1011,Amelia Moore,47,Male,Marketing,Marketing Analyst,146070,25,2014-04-25,Chicago,4.6,amelia.moore11@example.com
1012,Lucas Taylor,38,Female,Sales,Account Manager,71006,20,2016-06-28,Seattle,4.9,lucas.taylor12@example.com
1013,Harper Anderson,30,Male,Engineering,Data Scientist,95512,9,2016-03-27,Austin,4.3,harper.anderson13@example.com
1014,Henry Thomas,34,Female,Finance,Finance Analyst,112819,12,2017-12-20,Denver,4.0,henry.thomas14@example.com
1015,Evelyn Jackson,28,Male,HR,HR Director,99993,8,2013-11-02,Miami,4.4,evelyn.jackson15@example.com
1016,Alexander White,34,Female,Operations,Project Coordinator,97087,13,2018-07-06,Atlanta,4.1,alexander.white16@example.com
1017,Sofia Harris,38,Male,Marketing,Brand Manager,148886,19,2017-04-10,New York,4.7,sofia.harris17@example.com
1018,Daniel Martin,38,Female,Sales,Sales Representative,72331,20,2010-09-20,Los Angeles,4.7,daniel.martin18@example.com
1019,Emily Thompson,41,Male,Engineering,Software Engineer,117581,17,2014-09-25,San Francisco,4.8,emily.thompson19@example.com
1020,Matthew Lee,44,Female,Finance,Financial Planner,139341,21,2021-03-13,Boston,4.2,matthew.lee20@example.com
1021,Grace Perez,53,Male,HR,Senior HRBP,149259,25,2015-12-10,Chicago,4.0,grace.perez21@example.com
1022,Joseph Clark,40,Female,Operations,Operations Director,138579,21,2023-02-10,Seattle,4.3,joseph.clark22@example.com
1023,Nora Lewis,49,Male,Marketing,Product Marketing Manager,141484,25,2014-12-02,Austin,4.9,nora.lewis23@example.com
1024,Samuel Walker,55,Female,Sales,Sales Consultant,83131,25,2011-01-21,Denver,4.7,samuel.walker24@example.com
1025,Abigail Hall,34,Male,Engineering,Frontend Developer,85033,16,2019-06-21,Miami,4.5,abigail.hall25@example.com
1026,David Allen,48,Female,Finance,Accountant,115432,25,2020-07-01,Atlanta,4.4,david.allen26@example.com
1027,Victoria Young,24,Male,HR,HR Director,137512,5,2012-07-27,New York,4.5,victoria.young27@example.com
1028,Owen King,41,Female,Operations,Project Coordinator,135381,23,2017-08-18,Los Angeles,3.9,owen.king28@example.com
1029,Scarlett Wright,34,Male,Marketing,Brand Strategist,121985,13,2010-01-27,San Francisco,4.8,scarlett.wright29@example.com
1030,Jack Scott,40,Female,Sales,Sales Manager,159329,20,2014-01-03,Boston,4.4,jack.scott30@example.com
1031,Lily Adams,43,Male,Engineering,Data Scientist,78947,25,2021-05-21,Chicago,4.5,lily.adams31@example.com
1032,Chloe Baker,47,Female,Finance,Senior Analyst,85032,25,2013-08-16,Seattle,4.4,chloe.baker32@example.com
1033,Levi Gonzalez,24,Male,HR,Senior HRBP,134514,4,2017-04-09,Austin,4.3,levi.gonzalez33@example.com
1034,Zoe Nelson,47,Female,Operations,Operations Director,79662,25,2016-11-24,Denver,4.1,zoe.nelson34@example.com
1035,Julian Carter,29,Male,Marketing,Marketing Coordinator,96571,5,2020-11-25,Miami,4.7,julian.carter35@example.com
1036,Aria Mitchell,32,Female,Sales,Sales Operations Manager,134822,9,2020-08-29,Atlanta,4.8,aria.mitchell36@example.com
1037,Caleb Rivera,40,Male,Engineering,Software Engineer,86643,20,2023-08-10,New York,4.3,caleb.rivera37@example.com
1038,Penelope Roberts,36,Female,Finance,Finance Operations Manager,92760,17,2016-12-28,Los Angeles,4.2,penelope.roberts38@example.com
1039,Isaac Turner,47,Male,HR,HR Director,153039,25,2021-08-10,San Francisco,4.3,isaac.turner39@example.com
1040,Stella Phillips,38,Female,Operations,Project Coordinator,97493,14,2017-08-01,Boston,3.8,stella.phillips40@example.com
1041,Jonathan Campbell,38,Male,Marketing,Marketing Analyst,137603,18,2014-12-10,Chicago,3.8,jonathan.campbell41@example.com
1042,Hannah Parker,27,Female,Sales,Sales Associate,157778,4,2011-07-07,Seattle,4.8,hannah.parker42@example.com
1043,Christopher Evans,28,Male,Engineering,Frontend Developer,108309,8,2015-05-04,Austin,4.1,christopher.evans43@example.com
1044,Addison Edwards,37,Female,Finance,Finance Manager,128624,17,2012-12-19,Denver,4.6,addison.edwards44@example.com
1045,Gabriel Collins,54,Male,HR,Senior HRBP,139847,25,2020-08-10,Miami,4.7,gabriel.collins45@example.com
1046,Elizabeth Stewart,30,Female,Operations,Operations Director,89957,6,2019-09-02,Atlanta,4.2,elizabeth.stewart46@example.com
1047,Andrew Sanchez,53,Male,Marketing,Brand Manager,118883,25,2011-03-20,New York,4.5,andrew.sanchez47@example.com
1048,Lucy Morris,30,Female,Sales,Regional Sales Lead,149696,6,2019-01-12,Los Angeles,4.6,lucy.morris48@example.com
1049,Joshua Rogers,39,Male,Engineering,Data Scientist,79322,16,2014-04-08,San Francisco,4.4,joshua.rogers49@example.com
1050,Ellie Reed,51,Female,Finance,Finance Director,83373,25,2016-03-31,Boston,4.3,ellie.reed50@example.com
1051,Logan Murphy,52,Male,HR,HR Director,74880,25,2022-05-06,Chicago,3.9,logan.murphy51@example.com
1052,Leah Cook,24,Female,Operations,Project Coordinator,150477,1,2015-04-21,Seattle,4.0,leah.cook52@example.com
1053,Isaiah Bailey,54,Male,Marketing,Product Marketing Manager,128653,25,2018-12-30,Austin,4.8,isaiah.bailey53@example.com
1054,Madison Bennett,48,Female,Sales,Account Manager,86579,24,2018-10-04,Denver,4.1,madison.bennett54@example.com
1055,Connor Cooper,42,Male,Engineering,Software Engineer,124638,21,2022-06-19,Miami,4.5,connor.cooper55@example.com
1056,Layla Flores,33,Female,Finance,Finance Analyst,128788,10,2016-08-27,Atlanta,4.0,layla.flores56@example.com
1057,Audrey Richardson,27,Male,HR,Senior HRBP,72665,8,2017-01-13,New York,3.9,audrey.richardson57@example.com
1058,Wyatt Cox,54,Female,Operations,Operations Director,141569,25,2021-11-29,Los Angeles,4.0,wyatt.cox58@example.com
1059,Nathan Howard,29,Male,Marketing,Brand Strategist,131562,11,2014-03-03,San Francisco,3.9,nathan.howard59@example.com
1060,Zoey Kelly,39,Female,Sales,Sales Representative,73907,18,2012-09-09,Boston,4.8,zoey.kelly60@example.com
1061,Christian Sanders,39,Male,Engineering,Frontend Developer,139668,19,2023-05-03,Chicago,3.8,christian.sanders61@example.com
1062,Brooklyn Price,50,Female,Finance,Financial Planner,75745,25,2023-02-03,Seattle,4.4,brooklyn.price62@example.com
1063,Elijah Barnes,40,Male,HR,HR Director,106467,17,2017-01-17,Austin,4.1,elijah.barnes63@example.com
1064,Naomi Foster,32,Female,Operations,Project Coordinator,116876,13,2016-09-23,Denver,4.3,naomi.foster64@example.com
1065,Emma Powell,24,Male,Marketing,Marketing Coordinator,74508,3,2022-08-18,Miami,4.9,emma.powell65@example.com
1066,Adam Russell,37,Female,Sales,Sales Consultant,74602,17,2015-12-13,Atlanta,3.9,adam.russell66@example.com
1067,Delilah Simmons,28,Male,Engineering,Data Scientist,110745,5,2018-04-16,New York,4.1,delilah.simmons67@example.com
1068,Addison Perry,43,Female,Finance,Accountant,122433,23,2021-11-12,Los Angeles,3.8,addison.perry68@example.com
1069,Chase Hughes,43,Male,HR,Senior HRBP,137692,24,2012-04-28,San Francisco,4.8,chase.hughes69@example.com
1070,Grace Ward,40,Female,Operations,Operations Director,82601,16,2012-05-26,Boston,4.6,grace.ward70@example.com
1071,Tristan Torres,41,Male,Marketing,Marketing Analyst,85374,19,2023-07-26,Chicago,4.0,tristan.torres71@example.com
1072,Jason Brooks,37,Female,Sales,Sales Manager,109942,18,2015-12-03,Seattle,4.4,jason.brooks72@example.com
1073,Holly Diaz,27,Male,Engineering,Software Engineer,97914,3,2019-07-02,Austin,4.7,holly.diaz73@example.com
1074,Brandon Foster,24,Female,Finance,Senior Analyst,70778,2,2012-12-07,Denver,4.5,brandon.foster74@example.com
1075,Anna Hayes,34,Male,HR,HR Director,99335,15,2019-11-29,Miami,4.4,anna.hayes75@example.com
1076,Colton Patel,24,Female,Operations,Project Coordinator,121057,1,2011-09-09,Atlanta,4.8,colton.patel76@example.com
1077,Kayla Chen,33,Male,Marketing,Brand Manager,155573,13,2010-10-23,New York,4.7,kayla.chen77@example.com
1078,Selena Nguyen,33,Female,Sales,Sales Operations Manager,141350,12,2012-11-10,Los Angeles,3.8,selena.nguyen78@example.com
1079,Tyler Williams,26,Male,Engineering,Frontend Developer,112795,4,2014-09-17,San Francisco,4.6,tyler.williams79@example.com
1080,Micah Johnson,30,Female,Finance,Finance Operations Manager,152416,8,2022-07-23,Boston,4.8,micah.johnson80@example.com
1081,Elena Brown,33,Male,HR,Senior HRBP,118264,10,2013-08-24,Chicago,4.9,elena.brown81@example.com
1082,Riley Garcia,50,Female,Operations,Operations Director,88206,25,2014-01-09,Seattle,4.6,riley.garcia82@example.com
1083,Ezra Martinez,50,Male,Marketing,Product Marketing Manager,108540,25,2015-07-26,Austin,4.1,ezra.martinez83@example.com
1084,Leo Davis,30,Female,Sales,Sales Associate,156917,9,2010-11-14,Denver,4.7,leo.davis84@example.com
1085,Mila Wilson,36,Male,Engineering,Data Scientist,94154,18,2020-04-28,Miami,4.2,mila.wilson85@example.com
1086,Adrian Moore,38,Female,Finance,Finance Manager,94831,14,2014-05-02,Atlanta,4.2,adrian.moore86@example.com
1087,Preston Taylor,28,Male,HR,HR Director,101517,10,2016-04-05,New York,4.2,preston.taylor87@example.com
1088,Brielle Anderson,49,Female,Operations,Project Coordinator,131768,25,2022-01-10,Los Angeles,4.2,brielle.anderson88@example.com
1089,Ava Thomas,31,Male,Marketing,Brand Strategist,68617,9,2014-01-02,San Francisco,4.4,ava.thomas89@example.com
1090,Liam Jackson,26,Female,Sales,Regional Sales Lead,99795,2,2023-05-20,Boston,4.3,liam.jackson90@example.com
1091,Sophia White,51,Male,Engineering,Software Engineer,106114,25,2021-06-21,Chicago,3.9,sophia.white91@example.com
1092,Noah Harris,36,Female,Finance,Finance Director,140574,14,2010-12-30,Seattle,4.6,noah.harris92@example.com
1093,Mia Martin,36,Male,HR,Senior HRBP,65221,14,2019-09-04,Austin,3.9,mia.martin93@example.com
1094,Ethan Thompson,45,Female,Operations,Operations Director,152062,25,2017-01-15,Denver,4.5,ethan.thompson94@example.com
1095,Isabella Lee,43,Male,Marketing,Marketing Coordinator,81334,23,2016-12-08,Miami,4.5,isabella.lee95@example.com
1096,James Perez,49,Female,Sales,Account Manager,107753,25,2016-08-19,Atlanta,4.4,james.perez96@example.com
1097,Charlotte Clark,50,Male,Engineering,Frontend Developer,90144,25,2018-07-03,New York,4.5,charlotte.clark97@example.com
1098,Benjamin Lewis,43,Female,Finance,Finance Analyst,87810,22,2022-04-16,Los Angeles,4.7,benjamin.lewis98@example.com
1099,Amelia Walker,42,Male,HR,HR Director,104829,19,2019-08-23,San Francisco,4.7,amelia.walker99@example.com
1100,Lucas Hall,44,Female,Operations,Project Coordinator,144516,23,2019-11-29,Boston,4.3,lucas.hall100@example.com
1101,Harper Allen,54,Male,Marketing,Marketing Analyst,93010,25,2013-10-22,Chicago,4.5,harper.allen101@example.com
1102,Henry Young,45,Female,Sales,Sales Representative,102196,21,2015-04-09,Seattle,4.5,henry.young102@example.com
1103,Evelyn King,36,Male,Engineering,Data Scientist,94444,13,2010-07-20,Austin,3.9,evelyn.king103@example.com
1104,Alexander Wright,28,Female,Finance,Financial Planner,127277,7,2019-04-19,Denver,4.8,alexander.wright104@example.com
1105,Sofia Scott,36,Male,HR,Senior HRBP,140454,17,2018-08-12,Miami,4.3,sofia.scott105@example.com
1106,Daniel Adams,33,Female,Operations,Operations Director,96979,14,2010-02-15,Atlanta,4.8,daniel.adams106@example.com
1107,Emily Baker,51,Male,Marketing,Brand Manager,78970,25,2013-12-11,New York,4.7,emily.baker107@example.com
1108,Matthew Gonzalez,53,Female,Sales,Sales Consultant,156214,25,2022-07-03,Los Angeles,4.1,matthew.gonzalez108@example.com
1109,Grace Nelson,53,Male,Engineering,Software Engineer,80906,25,2020-06-03,San Francisco,4.5,grace.nelson109@example.com
1110,Joseph Carter,44,Female,Finance,Accountant,138259,25,2019-12-05,Boston,4.5,joseph.carter110@example.com
1111,Nora Mitchell,51,Male,HR,HR Director,159276,25,2022-04-16,Chicago,4.3,nora.mitchell111@example.com
1112,Samuel Rivera,54,Female,Operations,Project Coordinator,85861,25,2015-10-25,Seattle,4.6,samuel.rivera112@example.com
1113,Abigail Roberts,41,Male,Marketing,Product Marketing Manager,148579,23,2021-09-10,Austin,4.3,abigail.roberts113@example.com
1114,David Turner,41,Female,Sales,Sales Manager,96358,20,2011-09-27,Denver,4.6,david.turner114@example.com
1115,Victoria Phillips,41,Male,Engineering,Frontend Developer,95735,19,2017-03-04,Miami,4.8,victoria.phillips115@example.com
1116,Owen Campbell,32,Female,Finance,Senior Analyst,75561,9,2015-03-10,Atlanta,4.2,owen.campbell116@example.com
1117,Scarlett Parker,37,Male,HR,Senior HRBP,85028,13,2019-04-22,New York,4.2,scarlett.parker117@example.com
1118,Jack Evans,53,Female,Operations,Operations Director,136121,25,2011-05-26,Los Angeles,4.0,jack.evans118@example.com
1119,Lily Edwards,48,Male,Marketing,Brand Strategist,120069,25,2023-02-06,San Francisco,4.8,lily.edwards119@example.com
1120,Chloe Collins,48,Female,Sales,Sales Operations Manager,67560,25,2010-02-18,Boston,4.8,chloe.collins120@example.com
1121,Levi Stewart,48,Male,Engineering,Data Scientist,104139,25,2019-05-26,Chicago,4.4,levi.stewart121@example.com
1122,Zoe Sanchez,38,Female,Finance,Finance Operations Manager,136582,17,2014-12-03,Seattle,4.1,zoe.sanchez122@example.com
1123,Julian Morris,25,Male,HR,HR Director,128654,4,2017-07-16,Austin,4.5,julian.morris123@example.com
1124,Aria Rogers,34,Female,Operations,Project Coordinator,117994,16,2020-06-25,Denver,4.8,aria.rogers124@example.com
1125,Caleb Reed,25,Male,Marketing,Marketing Coordinator,146560,4,2023-04-11,Miami,4.4,caleb.reed125@example.com
1126,Penelope Murphy,29,Female,Sales,Sales Associate,68552,10,2019-08-13,Atlanta,3.9,penelope.murphy126@example.com
1127,Isaac Cook,35,Male,Engineering,Software Engineer,125515,11,2015-11-02,New York,4.2,isaac.cook127@example.com
1128,Stella Bailey,53,Female,Finance,Finance Manager,92742,25,2017-07-27,Los Angeles,4.6,stella.bailey128@example.com
1129,Jonathan Bennett,41,Male,HR,Senior HRBP,114692,23,2019-06-16,San Francisco,4.1,jonathan.bennett129@example.com
1130,Hannah Cooper,54,Female,Operations,Operations Director,75735,25,2022-02-05,Boston,3.9,hannah.cooper130@example.com
1131,Christopher Flores,38,Male,Marketing,Marketing Analyst,110870,19,2011-07-17,Chicago,4.7,christopher.flores131@example.com
1132,Addison Richardson,26,Female,Sales,Regional Sales Lead,150426,8,2010-09-12,Seattle,4.8,addison.richardson132@example.com
1133,Gabriel Cox,25,Male,Engineering,Frontend Developer,91130,5,2013-06-02,Austin,4.1,gabriel.cox133@example.com
1134,Elizabeth Howard,31,Female,Finance,Finance Director,127070,11,2014-11-21,Denver,4.3,elizabeth.howard134@example.com
1135,Andrew Kelly,47,Male,HR,HR Director,98586,24,2023-08-04,Miami,4.5,andrew.kelly135@example.com
1136,Lucy Sanders,31,Female,Operations,Project Coordinator,159156,13,2013-09-03,Atlanta,4.9,lucy.sanders136@example.com
1137,Joshua Price,25,Male,Marketing,Brand Manager,79168,3,2022-11-30,New York,4.5,joshua.price137@example.com
1138,Ellie Barnes,49,Female,Sales,Account Manager,114192,25,2014-06-13,Los Angeles,3.9,ellie.barnes138@example.com
1139,Logan Foster,39,Male,Engineering,Data Scientist,155520,15,2016-10-06,San Francisco,4.7,logan.foster139@example.com
1140,Leah Powell,31,Female,Finance,Finance Analyst,143697,13,2022-09-11,Boston,4.7,leah.powell140@example.com
1141,Isaiah Russell,51,Male,HR,Senior HRBP,110508,25,2018-04-24,Chicago,3.9,isaiah.russell141@example.com
1142,Madison Simmons,45,Female,Operations,Operations Director,149874,21,2019-06-04,Seattle,4.7,madison.simmons142@example.com
1143,Connor Perry,51,Male,Marketing,Product Marketing Manager,78833,25,2020-04-24,Austin,4.6,connor.perry143@example.com
1144,Layla Hughes,35,Female,Sales,Sales Representative,122080,16,2021-09-14,Denver,4.9,layla.hughes144@example.com
1145,Audrey Ward,54,Male,Engineering,Software Engineer,100400,25,2019-10-09,Miami,4.7,audrey.ward145@example.com
1146,Wyatt Torres,41,Female,Finance,Financial Planner,142656,19,2015-07-05,Atlanta,4.7,wyatt.torres146@example.com
1147,Nathan Brooks,41,Male,HR,HR Director,76359,20,2015-06-21,New York,4.6,nathan.brooks147@example.com
1148,Zoey Diaz,48,Female,Operations,Project Coordinator,139691,25,2010-08-24,Los Angeles,4.3,zoey.diaz148@example.com
1149,Christian Foster,35,Male,Marketing,Brand Strategist,107600,14,2014-10-04,San Francisco,4.2,christian.foster149@example.com
1150,Brooklyn Hayes,45,Female,Sales,Sales Consultant,98862,23,2023-05-16,Boston,4.6,brooklyn.hayes150@example.com
1151,Elijah Patel,24,Male,Engineering,Frontend Developer,101211,4,2014-04-15,Chicago,3.9,elijah.patel151@example.com
1152,Naomi Chen,50,Female,Finance,Accountant,159381,25,2022-06-15,Seattle,4.6,naomi.chen152@example.com
1153,Emma Nguyen,54,Male,HR,Senior HRBP,155519,25,2021-01-03,Austin,4.3,emma.nguyen153@example.com
1154,Adam Williams,29,Female,Operations,Operations Director,67260,7,2014-12-21,Denver,4.2,adam.williams154@example.com
1155,Delilah Johnson,43,Male,Marketing,Marketing Coordinator,96890,24,2023-01-17,Miami,4.2,delilah.johnson155@example.com
1156,Addison Brown,46,Female,Sales,Sales Manager,137544,25,2022-05-06,Atlanta,4.2,addison.brown156@example.com
1157,Chase Garcia,53,Male,Engineering,Data Scientist,157124,25,2016-11-16,New York,4.1,chase.garcia157@example.com
1158,Grace Martinez,36,Female,Finance,Senior Analyst,80814,14,2012-09-06,Los Angeles,4.6,grace.martinez158@example.com
1159,Tristan Davis,35,Male,HR,HR Director,155461,12,2014-11-08,San Francisco,4.6,tristan.davis159@example.com
1160,Jason Wilson,42,Female,Operations,Project Coordinator,101241,18,2014-05-10,Boston,4.1,jason.wilson160@example.com
1161,Holly Moore,35,Male,Marketing,Marketing Analyst,112301,13,2010-04-26,Chicago,4.6,holly.moore161@example.com
1162,Brandon Taylor,41,Female,Sales,Sales Operations Manager,81591,17,2011-03-23,Seattle,4.4,brandon.taylor162@example.com
1163,Anna Anderson,32,Male,Engineering,Software Engineer,156411,13,2021-01-04,Austin,3.9,anna.anderson163@example.com
1164,Colton Thomas,42,Female,Finance,Finance Operations Manager,66607,21,2020-09-26,Denver,4.3,colton.thomas164@example.com
1165,Kayla Jackson,27,Male,HR,Senior HRBP,89164,5,2020-09-18,Miami,3.9,kayla.jackson165@example.com
1166,Selena White,49,Female,Operations,Operations Director,73564,25,2011-08-30,Atlanta,4.4,selena.white166@example.com
1167,Tyler Harris,27,Male,Marketing,Brand Manager,154974,4,2013-05-07,New York,4.7,tyler.harris167@example.com
1168,Micah Martin,29,Female,Sales,Sales Associate,104824,6,2012-08-28,Los Angeles,4.4,micah.martin168@example.com
1169,Elena Thompson,38,Male,Engineering,Frontend Developer,119548,20,2021-09-20,San Francisco,4.2,elena.thompson169@example.com
1170,Riley Lee,43,Female,Finance,Finance Manager,123028,25,2023-03-15,Boston,4.9,riley.lee170@example.com
1171,Ezra Perez,27,Male,HR,HR Director,105026,7,2012-03-23,Chicago,4.8,ezra.perez171@example.com
1172,Leo Clark,37,Female,Operations,Project Coordinator,92235,15,2011-10-28,Seattle,4.0,leo.clark172@example.com
1173,Mila Lewis,28,Male,Marketing,Product Marketing Manager,87782,5,2010-01-22,Austin,4.2,mila.lewis173@example.com
1174,Adrian Walker,54,Female,Sales,Regional Sales Lead,155357,25,2010-09-25,Denver,4.1,adrian.walker174@example.com
1175,Preston Hall,42,Male,Engineering,Data Scientist,157662,23,2020-03-08,Miami,3.9,preston.hall175@example.com
1176,Brielle Allen,40,Female,Finance,Finance Director,95595,22,2023-03-25,Atlanta,4.5,brielle.allen176@example.com
1177,Ava Young,51,Male,HR,Senior HRBP,90928,25,2022-03-20,New York,4.0,ava.young177@example.com
1178,Liam King,41,Female,Operations,Operations Director,84528,23,2013-03-11,Los Angeles,3.9,liam.king178@example.com
1179,Sophia Wright,43,Male,Marketing,Brand Strategist,86747,23,2022-10-07,San Francisco,4.8,sophia.wright179@example.com
1180,Noah Scott,31,Female,Sales,Account Manager,122560,10,2016-10-27,Boston,4.6,noah.scott180@example.com
1181,Mia Adams,55,Male,Engineering,Software Engineer,100683,25,2011-10-21,Chicago,4.5,mia.adams181@example.com
1182,Ethan Baker,44,Female,Finance,Finance Analyst,121626,24,2015-08-14,Seattle,3.8,ethan.baker182@example.com
1183,Isabella Gonzalez,25,Male,HR,HR Director,95005,7,2016-01-17,Austin,4.4,isabella.gonzalez183@example.com
1184,James Nelson,54,Female,Operations,Project Coordinator,87962,25,2019-12-02,Denver,4.8,james.nelson184@example.com
1185,Charlotte Carter,51,Male,Marketing,Marketing Coordinator,88788,25,2021-01-11,Miami,4.9,charlotte.carter185@example.com
1186,Benjamin Mitchell,46,Female,Sales,Sales Representative,126605,25,2017-06-23,Atlanta,4.2,benjamin.mitchell186@example.com
1187,Amelia Rivera,34,Male,Engineering,Frontend Developer,78710,12,2019-03-27,New York,4.6,amelia.rivera187@example.com
1188,Lucas Roberts,49,Female,Finance,Financial Planner,102777,25,2022-05-04,Los Angeles,3.8,lucas.roberts188@example.com
1189,Harper Turner,44,Male,HR,Senior HRBP,76542,22,2017-04-02,San Francisco,3.9,harper.turner189@example.com
1190,Henry Phillips,24,Female,Operations,Operations Director,117976,5,2022-03-03,Boston,4.3,henry.phillips190@example.com
1191,Evelyn Campbell,36,Male,Marketing,Marketing Analyst,72104,16,2018-02-11,Chicago,4.5,evelyn.campbell191@example.com
1192,Alexander Parker,52,Female,Sales,Sales Consultant,130338,25,2011-02-27,Seattle,4.0,alexander.parker192@example.com
1193,Sofia Evans,32,Male,Engineering,Data Scientist,136987,10,2019-10-30,Austin,4.8,sofia.evans193@example.com
1194,Daniel Edwards,31,Female,Finance,Accountant,128532,7,2023-08-28,Denver,4.7,daniel.edwards194@example.com
1195,Emily Collins,34,Male,HR,HR Director,158032,12,2022-05-10,Miami,3.8,emily.collins195@example.com
1196,Matthew Stewart,29,Female,Operations,Project Coordinator,118476,6,2012-07-18,Atlanta,4.3,matthew.stewart196@example.com
1197,Grace Sanchez,33,Male,Marketing,Brand Manager,80396,12,2016-07-18,New York,4.4,grace.sanchez197@example.com
1198,Joseph Morris,50,Female,Sales,Sales Manager,100838,25,2020-10-27,Los Angeles,4.9,joseph.morris198@example.com
1199,Nora Rogers,53,Male,Engineering,Software Engineer,96946,25,2013-03-30,San Francisco,4.2,nora.rogers199@example.com
1200,Samuel Reed,32,Female,Finance,Senior Analyst,143561,14,2011-07-26,Boston,4.1,samuel.reed200@example.com
1201,Abigail Murphy,45,Male,HR,Senior HRBP,119387,25,2021-05-22,Chicago,4.1,abigail.murphy201@example.com
1202,David Cook,42,Female,Operations,Operations Director,65336,23,2016-09-11,Seattle,4.7,david.cook202@example.com
1203,Victoria Bailey,55,Male,Marketing,Product Marketing Manager,141011,25,2013-05-02,Austin,4.3,victoria.bailey203@example.com
1204,Owen Bennett,46,Female,Sales,Sales Operations Manager,128483,24,2022-05-19,Denver,4.6,owen.bennett204@example.com
1205,Scarlett Cooper,53,Male,Engineering,Frontend Developer,114441,25,2014-03-26,Miami,4.9,scarlett.cooper205@example.com
1206,Jack Flores,48,Female,Finance,Finance Operations Manager,96300,25,2019-03-20,Atlanta,3.8,jack.flores206@example.com
1207,Lily Richardson,48,Male,HR,HR Director,126993,25,2013-05-31,New York,4.3,lily.richardson207@example.com
1208,Chloe Cox,32,Female,Operations,Project Coordinator,69852,12,2023-03-28,Los Angeles,4.2,chloe.cox208@example.com
1209,Levi Howard,52,Male,Marketing,Brand Strategist,78154,25,2021-10-18,San Francisco,4.8,levi.howard209@example.com
1210,Zoe Kelly,33,Female,Sales,Sales Associate,67011,12,2013-06-18,Boston,3.9,zoe.kelly210@example.com
1211,Julian Sanders,45,Male,Engineering,Data Scientist,99737,25,2018-12-01,Chicago,4.5,julian.sanders211@example.com
1212,Aria Price,48,Female,Finance,Finance Manager,108065,25,2020-12-11,Seattle,4.8,aria.price212@example.com
1213,Caleb Barnes,28,Male,HR,Senior HRBP,69705,5,2016-06-12,Austin,4.9,caleb.barnes213@example.com
1214,Penelope Foster,51,Female,Operations,Operations Director,76846,25,2012-04-03,Denver,4.3,penelope.foster214@example.com
1215,Isaac Powell,43,Male,Marketing,Marketing Coordinator,155964,19,2011-01-12,Miami,4.2,isaac.powell215@example.com
1216,Stella Russell,42,Female,Sales,Regional Sales Lead,72355,20,2018-05-29,Atlanta,4.3,stella.russell216@example.com
1217,Jonathan Simmons,50,Male,Engineering,Software Engineer,97007,25,2014-01-15,New York,4.0,jonathan.simmons217@example.com
1218,Hannah Perry,48,Female,Finance,Finance Director,75350,25,2015-05-27,Los Angeles,4.3,hannah.perry218@example.com
1219,Christopher Hughes,33,Male,HR,HR Director,141435,10,2020-05-05,San Francisco,4.5,christopher.hughes219@example.com
1220,Addison Ward,40,Female,Operations,Project Coordinator,125236,21,2010-03-18,Boston,4.8,addison.ward220@example.com
1221,Gabriel Torres,42,Male,Marketing,Marketing Analyst,125981,23,2022-04-05,Chicago,4.0,gabriel.torres221@example.com
1222,Elizabeth Brooks,46,Female,Sales,Account Manager,122898,25,2016-09-16,Seattle,4.5,elizabeth.brooks222@example.com
1223,Andrew Diaz,40,Male,Engineering,Frontend Developer,120615,19,2016-10-10,Austin,4.0,andrew.diaz223@example.com
1224,Lucy Foster,54,Female,Finance,Finance Analyst,115422,25,2015-04-28,Denver,4.2,lucy.foster224@example.com
1225,Joshua Hayes,42,Male,HR,Senior HRBP,112049,23,2016-08-15,Miami,3.8,joshua.hayes225@example.com
1226,Ellie Patel,49,Female,Operations,Operations Director,151275,25,2010-03-08,Atlanta,4.4,ellie.patel226@example.com
1227,Logan Chen,27,Male,Marketing,Brand Manager,154889,7,2021-02-21,New York,4.7,logan.chen227@example.com
1228,Leah Nguyen,38,Female,Sales,Sales Representative,102512,18,2017-11-26,Los Angeles,4.0,leah.nguyen228@example.com
1229,Isaiah Williams,40,Male,Engineering,Data Scientist,89920,21,2013-01-25,San Francisco,4.5,isaiah.williams229@example.com
1230,Madison Johnson,26,Female,Finance,Financial Planner,147242,4,2019-11-21,Boston,3.8,madison.johnson230@example.com
1231,Connor Brown,32,Male,HR,HR Director,112823,8,2016-08-14,Chicago,4.2,connor.brown231@example.com
1232,Layla Garcia,35,Female,Operations,Project Coordinator,119460,12,2012-12-18,Seattle,4.7,layla.garcia232@example.com
1233,Audrey Martinez,41,Male,Marketing,Product Marketing Manager,112953,23,2013-09-09,Austin,4.1,audrey.martinez233@example.com
1234,Wyatt Davis,42,Female,Sales,Sales Consultant,128156,23,2017-08-06,Denver,4.7,wyatt.davis234@example.com
1235,Nathan Wilson,28,Male,Engineering,Software Engineer,126385,5,2015-01-23,Miami,4.7,nathan.wilson235@example.com
1236,Zoey Moore,49,Female,Finance,Accountant,159924,25,2022-07-02,Atlanta,4.2,zoey.moore236@example.com
1237,Christian Taylor,24,Male,HR,Senior HRBP,116717,2,2022-01-13,New York,3.9,christian.taylor237@example.com
1238,Brooklyn Anderson,40,Female,Operations,Operations Director,113311,20,2018-07-19,Los Angeles,4.7,brooklyn.anderson238@example.com
1239,Elijah Thomas,30,Male,Marketing,Brand Strategist,113689,11,2015-03-31,San Francisco,4.3,elijah.thomas239@example.com
1240,Naomi Jackson,44,Female,Sales,Sales Manager,146205,24,2014-12-19,Boston,4.5,naomi.jackson240@example.com
1241,Emma White,53,Male,Engineering,Frontend Developer,148283,25,2016-10-11,Chicago,4.5,emma.white241@example.com
1242,Adam Harris,32,Female,Finance,Senior Analyst,80292,8,2010-11-01,Seattle,4.1,adam.harris242@example.com
1243,Delilah Martin,31,Male,HR,HR Director,129569,7,2015-04-08,Austin,4.8,delilah.martin243@example.com
1244,Addison Thompson,48,Female,Operations,Project Coordinator,82781,25,2018-04-28,Denver,4.5,addison.thompson244@example.com
1245,Chase Lee,50,Male,Marketing,Marketing Coordinator,156289,25,2013-06-19,Miami,4.8,chase.lee245@example.com
1246,Grace Perez,30,Female,Sales,Sales Operations Manager,150841,12,2020-12-22,Atlanta,4.5,grace.perez246@example.com
1247,Tristan Clark,26,Male,Engineering,Data Scientist,101666,7,2018-04-24,New York,4.0,tristan.clark247@example.com
1248,Jason Lewis,39,Female,Finance,Finance Operations Manager,123287,21,2018-02-19,Los Angeles,3.9,jason.lewis248@example.com
1249,Holly Walker,47,Male,HR,Senior HRBP,154873,25,2018-01-17,San Francisco,3.9,holly.walker249@example.com
1250,Brandon Hall,36,Female,Operations,Operations Director,101160,12,2020-03-14,Boston,3.9,brandon.hall250@example.com
1251,Anna Allen,25,Male,Marketing,Marketing Analyst,92801,1,2017-06-25,Chicago,4.1,anna.allen251@example.com
1252,Colton Young,37,Female,Sales,Sales Associate,81505,13,2022-06-07,Seattle,4.0,colton.young252@example.com
1253,Kayla King,38,Male,Engineering,Software Engineer,93305,16,2013-04-23,Austin,4.7,kayla.king253@example.com
1254,Selena Wright,24,Female,Finance,Finance Manager,143116,2,2013-03-31,Denver,4.9,selena.wright254@example.com
1255,Tyler Scott,40,Male,HR,HR Director,135807,22,2013-11-30,Miami,3.9,tyler.scott255@example.com
1256,Micah Adams,32,Female,Operations,Project Coordinator,68379,8,2018-01-13,Atlanta,4.7,micah.adams256@example.com
1257,Elena Baker,44,Male,Marketing,Brand Manager,96186,20,2013-11-28,New York,4.1,elena.baker257@example.com
1258,Riley Gonzalez,50,Female,Sales,Regional Sales Lead,81614,25,2012-07-20,Los Angeles,4.6,riley.gonzalez258@example.com
1259,Ezra Nelson,52,Male,Engineering,Frontend Developer,127422,25,2018-02-13,San Francisco,4.4,ezra.nelson259@example.com
1260,Leo Carter,52,Female,Finance,Finance Director,79293,25,2014-12-20,Boston,4.8,leo.carter260@example.com
1261,Mila Mitchell,43,Male,HR,Senior HRBP,70683,22,2010-09-13,Chicago,3.9,mila.mitchell261@example.com
1262,Adrian Rivera,49,Female,Operations,Operations Director,127781,25,2012-06-03,Seattle,4.3,adrian.rivera262@example.com
1263,Preston Roberts,28,Male,Marketing,Product Marketing Manager,123138,4,2017-03-23,Austin,4.5,preston.roberts263@example.com
1264,Brielle Turner,32,Female,Sales,Account Manager,73609,10,2023-02-17,Denver,4.4,brielle.turner264@example.com
1265,Ava Phillips,48,Male,Engineering,Data Scientist,107622,25,2021-11-25,Miami,4.1,ava.phillips265@example.com
1266,Liam Campbell,51,Female,Finance,Finance Analyst,131263,25,2012-07-26,Atlanta,4.7,liam.campbell266@example.com
1267,Sophia Parker,37,Male,HR,HR Director,150316,16,2020-02-17,New York,4.8,sophia.parker267@example.com
1268,Noah Evans,45,Female,Operations,Project Coordinator,119239,25,2020-03-04,Los Angeles,4.2,noah.evans268@example.com
1269,Mia Edwards,44,Male,Marketing,Brand Strategist,77463,23,2017-01-04,San Francisco,4.5,mia.edwards269@example.com
1270,Ethan Collins,33,Female,Sales,Sales Representative,114060,14,2020-08-21,Boston,3.9,ethan.collins270@example.com
1271,Isabella Stewart,29,Male,Engineering,Software Engineer,76188,8,2012-03-02,Chicago,4.6,isabella.stewart271@example.com
1272,James Sanchez,32,Female,Finance,Financial Planner,113843,12,2011-05-07,Seattle,4.4,james.sanchez272@example.com
1273,Charlotte Morris,45,Male,HR,Senior HRBP,138608,25,2012-09-28,Austin,4.3,charlotte.morris273@example.com
1274,Benjamin Rogers,51,Female,Operations,Operations Director,152207,25,2011-02-26,Denver,4.9,benjamin.rogers274@example.com
1275,Amelia Reed,43,Male,Marketing,Marketing Coordinator,143696,21,2012-04-28,Miami,4.4,amelia.reed275@example.com
1276,Lucas Murphy,33,Female,Sales,Sales Consultant,92884,14,2020-10-25,Atlanta,4.0,lucas.murphy276@example.com
1277,Harper Cook,46,Male,Engineering,Frontend Developer,79184,25,2022-06-23,New York,4.2,harper.cook277@example.com
1278,Henry Bailey,38,Female,Finance,Accountant,101512,20,2019-08-17,Los Angeles,4.7,henry.bailey278@example.com
1279,Evelyn Bennett,25,Male,HR,HR Director,146490,5,2015-12-31,San Francisco,3.8,evelyn.bennett279@example.com
1280,Alexander Cooper,43,Female,Operations,Project Coordinator,100818,21,2017-11-15,Boston,3.8,alexander.cooper280@example.com
1281,Sofia Flores,49,Male,Marketing,Marketing Analyst,83776,25,2013-03-08,Chicago,4.6,sofia.flores281@example.com
1282,Daniel Richardson,29,Female,Sales,Sales Manager,69018,10,2021-11-24,Seattle,4.0,daniel.richardson282@example.com
1283,Emily Cox,53,Male,Engineering,Data Scientist,120028,25,2013-07-13,Austin,4.2,emily.cox283@example.com
1284,Matthew Howard,44,Female,Finance,Senior Analyst,159581,25,2022-09-24,Denver,4.5,matthew.howard284@example.com
1285,Grace Kelly,33,Male,HR,Senior HRBP,71895,10,2011-02-12,Miami,4.5,grace.kelly285@example.com
1286,Joseph Sanders,52,Female,Operations,Operations Director,100665,25,2019-07-06,Atlanta,4.3,joseph.sanders286@example.com
1287,Nora Price,50,Male,Marketing,Brand Manager,122939,25,2014-11-01,New York,4.6,nora.price287@example.com
1288,Samuel Barnes,46,Female,Sales,Sales Operations Manager,79918,25,2012-06-27,Los Angeles,4.1,samuel.barnes288@example.com
1289,Abigail Foster,55,Male,Engineering,Software Engineer,153930,25,2016-12-01,San Francisco,3.8,abigail.foster289@example.com
1290,David Powell,27,Female,Finance,Finance Operations Manager,116807,3,2014-08-02,Boston,4.1,david.powell290@example.com
1291,Victoria Russell,32,Male,HR,HR Director,92686,14,2015-09-25,Chicago,4.1,victoria.russell291@example.com
1292,Owen Simmons,24,Female,Operations,Project Coordinator,80726,3,2019-08-29,Seattle,4.0,owen.simmons292@example.com
1293,Scarlett Perry,38,Male,Marketing,Product Marketing Manager,114834,18,2022-07-14,Austin,4.7,scarlett.perry293@example.com
1294,Jack Hughes,28,Female,Sales,Sales Associate,111421,7,2010-12-13,Denver,4.3,jack.hughes294@example.com
1295,Lily Ward,28,Male,Engineering,Frontend Developer,125260,10,2017-01-08,Miami,4.4,lily.ward295@example.com
1296,Chloe Torres,49,Female,Finance,Finance Manager,140156,25,2019-05-15,Atlanta,4.1,chloe.torres296@example.com
1297,Levi Brooks,25,Male,HR,Senior HRBP,118088,3,2013-11-08,New York,4.7,levi.brooks297@example.com
1298,Zoe Diaz,53,Female,Operations,Operations Director,146018,25,2018-02-12,Los Angeles,3.9,zoe.diaz298@example.com
1299,Julian Foster,39,Male,Marketing,Brand Strategist,78875,18,2023-03-18,San Francisco,4.2,julian.foster299@example.com
1300,Aria Hayes,49,Female,Sales,Regional Sales Lead,75308,25,2016-12-16,Boston,4.6,aria.hayes300@example.com
1301,Caleb Patel,45,Male,Engineering,Data Scientist,94041,25,2013-10-09,Chicago,3.9,caleb.patel301@example.com
1302,Penelope Chen,31,Female,Finance,Finance Director,147998,11,2021-06-09,Seattle,4.0,penelope.chen302@example.com
1303,Isaac Nguyen,46,Male,HR,HR Director,110793,25,2013-04-24,Austin,4.1,isaac.nguyen303@example.com
1304,Stella Williams,40,Female,Operations,Project Coordinator,84194,17,2013-11-22,Denver,4.5,stella.williams304@example.com
1305,Jonathan Johnson,28,Male,Marketing,Marketing Coordinator,150918,5,2021-01-30,Miami,4.3,jonathan.johnson305@example.com
1306,Hannah Brown,52,Female,Sales,Account Manager,138889,25,2022-08-30,Atlanta,4.5,hannah.brown306@example.com
1307,Christopher Garcia,44,Male,Engineering,Software Engineer,146857,25,2017-02-02,New York,4.0,christopher.garcia307@example.com
1308,Addison Martinez,54,Female,Finance,Finance Analyst,73950,25,2016-10-16,Los Angeles,4.7,addison.martinez308@example.com
1309,Gabriel Davis,27,Male,HR,Senior HRBP,142518,5,2021-05-19,San Francisco,3.9,gabriel.davis309@example.com
1310,Elizabeth Wilson,52,Female,Operations,Operations Director,125521,25,2011-04-12,Boston,4.2,elizabeth.wilson310@example.com
1311,Andrew Moore,28,Male,Marketing,Marketing Analyst,102627,9,2012-01-10,Chicago,4.5,andrew.moore311@example.com
1312,Lucy Taylor,48,Female,Sales,Sales Representative,131462,25,2023-01-07,Seattle,4.4,lucy.taylor312@example.com
1313,Joshua Anderson,52,Male,Engineering,Frontend Developer,70376,25,2022-10-28,Austin,4.5,joshua.anderson313@example.com
1314,Ellie Thomas,54,Female,Finance,Financial Planner,107143,25,2013-05-20,Denver,4.9,ellie.thomas314@example.com
1315,Logan Jackson,30,Male,HR,HR Director,124050,12,2017-09-14,Miami,4.9,logan.jackson315@example.com
1316,Leah White,35,Female,Operations,Project Coordinator,76053,11,2015-07-23,Atlanta,4.6,leah.white316@example.com
1317,Isaiah Harris,34,Male,Marketing,Brand Manager,122595,12,2018-05-13,New York,4.8,isaiah.harris317@example.com
1318,Madison Martin,50,Female,Sales,Sales Consultant,115779,25,2017-08-03,Los Angeles,4.5,madison.martin318@example.com
1319,Connor Thompson,45,Male,Engineering,Data Scientist,71863,21,2017-05-24,San Francisco,3.9,connor.thompson319@example.com
1320,Layla Lee,48,Female,Finance,Accountant,153916,25,2015-08-27,Boston,4.6,layla.lee320@example.com
1321,Audrey Perez,33,Male,HR,Senior HRBP,151057,11,2011-10-30,Chicago,4.4,audrey.perez321@example.com
1322,Wyatt Clark,46,Female,Operations,Operations Director,83537,24,2018-10-16,Seattle,3.9,wyatt.clark322@example.com
1323,Nathan Lewis,29,Male,Marketing,Product Marketing Manager,157908,7,2022-07-15,Austin,4.2,nathan.lewis323@example.com
1324,Zoey Walker,32,Female,Sales,Sales Manager,108054,13,2021-10-22,Denver,3.9,zoey.walker324@example.com
1325,Christian Hall,51,Male,Engineering,Software Engineer,152878,25,2018-02-12,Miami,3.8,christian.hall325@example.com
1326,Brooklyn Allen,35,Female,Finance,Senior Analyst,105483,12,2017-08-31,Atlanta,4.8,brooklyn.allen326@example.com
1327,Elijah Young,36,Male,HR,HR Director,128736,13,2013-01-31,New York,4.0,elijah.young327@example.com
1328,Naomi King,30,Female,Operations,Project Coordinator,103770,10,2022-02-08,Los Angeles,4.7,naomi.king328@example.com
1329,Emma Wright,26,Male,Marketing,Brand Strategist,134013,7,2017-07-21,San Francisco,4.8,emma.wright329@example.com
1330,Adam Scott,32,Female,Sales,Sales Operations Manager,146006,12,2018-06-14,Boston,4.0,adam.scott330@example.com
1331,Delilah Adams,34,Male,Engineering,Frontend Developer,88703,15,2019-10-26,Chicago,3.8,delilah.adams331@example.com
1332,Addison Baker,39,Female,Finance,Finance Operations Manager,112749,18,2016-05-23,Seattle,4.6,addison.baker332@example.com
1333,Chase Gonzalez,38,Male,HR,Senior HRBP,123841,18,2015-05-14,Austin,4.1,chase.gonzalez333@example.com
1334,Grace Nelson,36,Female,Operations,Operations Director,126474,14,2022-10-17,Denver,4.9,grace.nelson334@example.com
1335,Tristan Carter,42,Male,Marketing,Marketing Coordinator,125513,24,2018-07-26,Miami,4.4,tristan.carter335@example.com
1336,Jason Mitchell,34,Female,Sales,Sales Associate,119874,16,2014-06-24,Atlanta,4.7,jason.mitchell336@example.com
1337,Holly Rivera,40,Male,Engineering,Data Scientist,83140,16,2020-10-11,New York,4.8,holly.rivera337@example.com
1338,Brandon Roberts,30,Female,Finance,Finance Manager,137684,11,2021-07-28,Los Angeles,4.7,brandon.roberts338@example.com
1339,Anna Turner,29,Male,HR,HR Director,102363,11,2013-08-06,San Francisco,4.1,anna.turner339@example.com
1340,Colton Phillips,33,Female,Operations,Project Coordinator,132286,15,2019-10-24,Boston,3.9,colton.phillips340@example.com
1341,Kayla Campbell,52,Male,Marketing,Marketing Analyst,94102,25,2010-08-07,Chicago,4.3,kayla.campbell341@example.com
1342,Selena Parker,47,Female,Sales,Regional Sales Lead,116964,24,2018-08-30,Seattle,4.9,selena.parker342@example.com
1343,Tyler Evans,38,Male,Engineering,Software Engineer,114140,14,2017-02-23,Austin,4.8,tyler.evans343@example.com
1344,Micah Edwards,45,Female,Finance,Finance Director,158677,25,2013-04-11,Denver,4.0,micah.edwards344@example.com
1345,Elena Collins,54,Male,HR,Senior HRBP,102601,25,2013-02-10,Miami,4.6,elena.collins345@example.com
1346,Riley Stewart,52,Female,Operations,Operations Director,126487,25,2010-02-13,Atlanta,4.8,riley.stewart346@example.com
1347,Ezra Sanchez,40,Male,Marketing,Brand Manager,67490,17,2013-05-09,New York,4.4,ezra.sanchez347@example.com
1348,Leo Morris,51,Female,Sales,Account Manager,144807,25,2016-06-18,Los Angeles,4.1,leo.morris348@example.com
1349,Mila Rogers,27,Male,Engineering,Frontend Developer,80970,4,2019-06-02,San Francisco,4.5,mila.rogers349@example.com
1350,Adrian Reed,53,Female,Finance,Finance Analyst,146633,25,2012-06-27,Boston,4.7,adrian.reed350@example.com
1351,Preston Murphy,25,Male,HR,HR Director,130513,6,2021-07-23,Chicago,4.4,preston.murphy351@example.com
1352,Brielle Cook,33,Female,Operations,Project Coordinator,159181,11,2019-08-18,Seattle,3.8,brielle.cook352@example.com
1353,Ava Bailey,39,Male,Marketing,Product Marketing Manager,111244,19,2019-05-06,Austin,4.0,ava.bailey353@example.com
1354,Liam Bennett,29,Female,Sales,Sales Representative,152584,9,2018-02-02,Denver,3.9,liam.bennett354@example.com
1355,Sophia Cooper,25,Male,Engineering,Data Scientist,133951,4,2020-07-18,Miami,3.8,sophia.cooper355@example.com
1356,Noah Flores,47,Female,Finance,Financial Planner,115709,25,2010-05-14,Atlanta,4.2,noah.flores356@example.com
1357,Mia Richardson,46,Male,HR,Senior HRBP,73855,23,2012-04-29,New York,4.6,mia.richardson357@example.com
1358,Ethan Cox,32,Female,Operations,Operations Director,108583,8,2017-11-26,Los Angeles,4.4,ethan.cox358@example.com
1359,Isabella Howard,35,Male,Marketing,Brand Strategist,149252,17,2020-06-03,San Francisco,4.9,isabella.howard359@example.com
1360,James Kelly,35,Female,Sales,Sales Consultant,127722,17,2013-01-09,Boston,3.9,james.kelly360@example.com
1361,Charlotte Sanders,26,Male,Engineering,Software Engineer,124988,4,2014-07-10,Chicago,3.8,charlotte.sanders361@example.com
1362,Benjamin Price,26,Female,Finance,Accountant,91144,4,2016-12-15,Seattle,4.4,benjamin.price362@example.com
1363,Amelia Barnes,54,Male,HR,HR Director,136176,25,2010-10-27,Austin,4.6,amelia.barnes363@example.com
1364,Lucas Foster,42,Female,Operations,Project Coordinator,90048,20,2011-01-27,Denver,4.8,lucas.foster364@example.com
1365,Harper Powell,41,Male,Marketing,Marketing Coordinator,108506,17,2018-04-03,Miami,4.3,harper.powell365@example.com
1366,Henry Russell,52,Female,Sales,Sales Manager,117431,25,2017-08-09,Atlanta,4.9,henry.russell366@example.com
1367,Evelyn Simmons,55,Male,Engineering,Frontend Developer,130038,25,2021-08-24,New York,4.1,evelyn.simmons367@example.com
1368,Alexander Perry,51,Female,Finance,Senior Analyst,75828,25,2019-08-29,Los Angeles,4.5,alexander.perry368@example.com
1369,Sofia Hughes,42,Male,HR,Senior HRBP,88652,20,2012-04-20,San Francisco,3.9,sofia.hughes369@example.com
1370,Daniel Ward,42,Female,Operations,Operations Director,151628,20,2020-01-01,Boston,4.5,daniel.ward370@example.com
1371,Emily Torres,34,Male,Marketing,Marketing Analyst,120851,15,2019-12-16,Chicago,4.2,emily.torres371@example.com
1372,Matthew Brooks,46,Female,Sales,Sales Operations Manager,70551,25,2019-10-04,Seattle,4.1,matthew.brooks372@example.com
1373,Grace Diaz,28,Male,Engineering,Data Scientist,72518,9,2019-02-10,Austin,4.2,grace.diaz373@example.com
1374,Joseph Foster,34,Female,Finance,Finance Operations Manager,154051,10,2013-03-15,Denver,4.7,joseph.foster374@example.com
1375,Nora Hayes,52,Male,HR,HR Director,153878,25,2012-10-31,Miami,3.9,nora.hayes375@example.com
1376,Samuel Patel,47,Female,Operations,Project Coordinator,149562,25,2018-08-03,Atlanta,4.8,samuel.patel376@example.com
1377,Abigail Chen,33,Male,Marketing,Brand Manager,69244,14,2020-02-03,New York,4.8,abigail.chen377@example.com
1378,David Nguyen,52,Female,Sales,Sales Associate,113760,25,2011-09-22,Los Angeles,4.4,david.nguyen378@example.com
1379,Victoria Williams,47,Male,Engineering,Software Engineer,134397,25,2017-01-19,San Francisco,4.5,victoria.williams379@example.com
1380,Owen Johnson,31,Female,Finance,Finance Manager,97717,7,2014-03-05,Boston,4.3,owen.johnson380@example.com
1381,Scarlett Brown,31,Male,HR,Senior HRBP,115723,9,2015-11-03,Chicago,4.6,scarlett.brown381@example.com
1382,Jack Garcia,42,Female,Operations,Operations Director,93124,23,2021-01-06,Seattle,4.0,jack.garcia382@example.com
1383,Lily Martinez,28,Male,Marketing,Product Marketing Manager,82790,7,2013-11-15,Austin,4.8,lily.martinez383@example.com
1384,Chloe Davis,29,Female,Sales,Regional Sales Lead,123341,11,2017-03-03,Denver,4.5,chloe.davis384@example.com
1385,Levi Wilson,28,Male,Engineering,Frontend Developer,158000,8,2022-02-28,Miami,4.1,levi.wilson385@example.com
1386,Zoe Moore,34,Female,Finance,Finance Director,104315,15,2013-11-27,Atlanta,4.7,zoe.moore386@example.com
1387,Julian Taylor,38,Male,HR,HR Director,131683,14,2014-07-05,New York,4.7,julian.taylor387@example.com
1388,Aria Anderson,55,Female,Operations,Project Coordinator,96029,25,2018-02-04,Los Angeles,4.4,aria.anderson388@example.com
1389,Caleb Thomas,53,Male,Marketing,Brand Strategist,113353,25,2022-05-17,San Francisco,3.9,caleb.thomas389@example.com
1390,Penelope Jackson,28,Female,Sales,Account Manager,76300,6,2018-12-06,Boston,4.9,penelope.jackson390@example.com
1391,Isaac White,54,Male,Engineering,Data Scientist,159223,25,2019-03-20,Chicago,4.6,isaac.white391@example.com
1392,Stella Harris,28,Female,Finance,Finance Analyst,140353,5,2017-02-10,Seattle,4.5,stella.harris392@example.com
1393,Jonathan Martin,53,Male,HR,Senior HRBP,123979,25,2021-08-09,Austin,4.2,jonathan.martin393@example.com
1394,Hannah Thompson,35,Female,Operations,Operations Director,137260,17,2012-11-23,Denver,4.3,hannah.thompson394@example.com
1395,Christopher Lee,31,Male,Marketing,Marketing Coordinator,72263,11,2013-06-07,Miami,4.1,christopher.lee395@example.com
1396,Addison Perez,44,Female,Sales,Sales Representative,86229,25,2015-01-22,Atlanta,4.2,addison.perez396@example.com
1397,Gabriel Clark,42,Male,Engineering,Software Engineer,133012,24,2011-10-09,New York,4.1,gabriel.clark397@example.com
1398,Elizabeth Lewis,41,Female,Finance,Financial Planner,148238,18,2016-10-16,Los Angeles,4.5,elizabeth.lewis398@example.com
1399,Andrew Walker,34,Male,HR,HR Director,77245,14,2023-01-09,San Francisco,4.0,andrew.walker399@example.com
1400,Lucy Hall,45,Female,Operations,Project Coordinator,151341,25,2022-08-23,Boston,3.8,lucy.hall400@example.com
1401,Joshua Allen,29,Male,Marketing,Marketing Analyst,68718,5,2022-12-08,Chicago,4.1,joshua.allen401@example.com
1402,Ellie Young,50,Female,Sales,Sales Consultant,92631,25,2010-09-06,Seattle,4.3,ellie.young402@example.com
1403,Logan King,42,Male,Engineering,Frontend Developer,147203,23,2016-10-10,Austin,4.3,logan.king403@example.com
1404,Leah Wright,49,Female,Finance,Accountant,154783,25,2020-03-04,Denver,3.9,leah.wright404@example.com
1405,Isaiah Scott,34,Male,HR,Senior HRBP,72852,13,2019-04-28,Miami,4.3,isaiah.scott405@example.com
1406,Madison Adams,45,Female,Operations,Operations Director,91741,25,2013-03-22,Atlanta,4.1,madison.adams406@example.com
1407,Connor Baker,44,Male,Marketing,Brand Manager,159157,25,2017-09-30,New York,4.9,connor.baker407@example.com
1408,Layla Gonzalez,47,Female,Sales,Sales Manager,82139,25,2022-08-07,Los Angeles,3.9,layla.gonzalez408@example.com
1409,Audrey Nelson,53,Male,Engineering,Data Scientist,96685,25,2016-01-01,San Francisco,4.3,audrey.nelson409@example.com
1410,Wyatt Carter,30,Female,Finance,Senior Analyst,83465,6,2016-07-05,Boston,4.8,wyatt.carter410@example.com
1411,Nathan Mitchell,50,Male,HR,HR Director,145658,25,2013-08-01,Chicago,4.7,nathan.mitchell411@example.com
1412,Zoey Rivera,44,Female,Operations,Project Coordinator,140718,21,2013-07-29,Seattle,4.3,zoey.rivera412@example.com
1413,Christian Roberts,53,Male,Marketing,Product Marketing Manager,132466,25,2016-12-02,Austin,4.3,christian.roberts413@example.com
1414,Brooklyn Turner,49,Female,Sales,Sales Operations Manager,76802,25,2020-04-03,Denver,4.9,brooklyn.turner414@example.com
1415,Elijah Phillips,46,Male,Engineering,Software Engineer,93199,22,2011-02-19,Miami,4.1,elijah.phillips415@example.com
1416,Naomi Campbell,54,Female,Finance,Finance Operations Manager,143317,25,2022-01-14,Atlanta,3.8,naomi.campbell416@example.com
1417,Emma Parker,51,Male,HR,Senior HRBP,79089,25,2015-12-07,New York,4.6,emma.parker417@example.com
1418,Adam Evans,47,Female,Operations,Operations Director,117855,23,2018-12-26,Los Angeles,3.9,adam.evans418@example.com
1419,Delilah Edwards,36,Male,Marketing,Brand Strategist,138638,14,2022-05-30,San Francisco,4.1,delilah.edwards419@example.com
1420,Addison Collins,52,Female,Sales,Sales Associate,115639,25,2022-05-02,Boston,4.1,addison.collins420@example.com
1421,Chase Stewart,31,Male,Engineering,Frontend Developer,146689,8,2012-03-03,Chicago,4.2,chase.stewart421@example.com
1422,Grace Sanchez,47,Female,Finance,Finance Manager,109444,25,2013-03-27,Seattle,4.0,grace.sanchez422@example.com
1423,Tristan Morris,49,Male,HR,HR Director,131731,25,2010-11-26,Austin,3.8,tristan.morris423@example.com
1424,Jason Rogers,45,Female,Operations,Project Coordinator,82961,25,2020-08-16,Denver,4.4,jason.rogers424@example.com
1425,Holly Reed,32,Male,Marketing,Marketing Coordinator,84521,10,2017-02-22,Miami,4.0,holly.reed425@example.com
1426,Brandon Murphy,43,Female,Sales,Regional Sales Lead,145805,23,2017-07-18,Atlanta,4.4,brandon.murphy426@example.com
1427,Anna Cook,55,Male,Engineering,Data Scientist,131809,25,2022-08-17,New York,4.1,anna.cook427@example.com
1428,Colton Bailey,47,Female,Finance,Finance Director,67180,25,2012-06-16,Los Angeles,4.9,colton.bailey428@example.com
1429,Kayla Bennett,43,Male,HR,Senior HRBP,141507,25,2010-08-07,San Francisco,4.5,kayla.bennett429@example.com
1430,Selena Cooper,38,Female,Operations,Operations Director,99803,19,2011-02-25,Boston,4.4,selena.cooper430@example.com
1431,Tyler Flores,48,Male,Marketing,Marketing Analyst,87349,25,2015-06-08,Chicago,3.8,tyler.flores431@example.com
1432,Micah Richardson,31,Female,Sales,Account Manager,156818,8,2010-06-05,Seattle,4.3,micah.richardson432@example.com
1433,Elena Cox,33,Male,Engineering,Software Engineer,119890,12,2014-07-29,Austin,4.3,elena.cox433@example.com
1434,Riley Howard,54,Female,Finance,Finance Analyst,145147,25,2011-05-26,Denver,4.6,riley.howard434@example.com
1435,Ezra Kelly,37,Male,HR,HR Director,132984,17,2017-04-16,Miami,4.9,ezra.kelly435@example.com
1436,Leo Sanders,48,Female,Operations,Project Coordinator,127701,25,2013-11-19,Atlanta,4.3,leo.sanders436@example.com
1437,Mila Price,45,Male,Marketing,Brand Manager,134878,25,2017-12-12,New York,4.5,mila.price437@example.com
1438,Adrian Barnes,40,Female,Sales,Sales Representative,159493,20,2020-11-10,Los Angeles,4.0,adrian.barnes438@example.com
1439,Preston Foster,41,Male,Engineering,Frontend Developer,97311,21,2016-09-11,San Francisco,4.0,preston.foster439@example.com
1440,Brielle Powell,42,Female,Finance,Financial Planner,104008,23,2014-08-26,Boston,4.6,brielle.powell440@example.com
1441,Ava Russell,44,Male,HR,Senior HRBP,129094,23,2017-10-28,Chicago,4.4,ava.russell441@example.com
1442,Liam Simmons,41,Female,Operations,Operations Director,159589,19,2012-09-25,Seattle,4.4,liam.simmons442@example.com
1443,Sophia Perry,48,Male,Marketing,Product Marketing Manager,136197,25,2017-09-28,Austin,4.9,sophia.perry443@example.com
1444,Noah Hughes,42,Female,Sales,Sales Consultant,84198,18,2016-06-14,Denver,4.9,noah.hughes444@example.com
1445,Mia Ward,46,Male,Engineering,Data Scientist,75358,25,2015-10-02,Miami,4.6,mia.ward445@example.com
1446,Ethan Torres,36,Female,Finance,Accountant,93047,18,2022-01-30,Atlanta,4.1,ethan.torres446@example.com
1447,Isabella Brooks,41,Male,HR,HR Director,138664,18,2012-06-13,New York,4.5,isabella.brooks447@example.com
1448,James Diaz,39,Female,Operations,Project Coordinator,141917,16,2011-02-20,Los Angeles,4.5,james.diaz448@example.com
1449,Charlotte Foster,38,Male,Marketing,Brand Strategist,134604,19,2015-03-23,San Francisco,3.9,charlotte.foster449@example.com
1450,Benjamin Hayes,45,Female,Sales,Sales Manager,119172,25,2020-08-05,Boston,3.9,benjamin.hayes450@example.com
1451,Amelia Patel,24,Male,Engineering,Software Engineer,83018,4,2013-07-17,Chicago,4.2,amelia.patel451@example.com
1452,Lucas Chen,54,Female,Finance,Senior Analyst,127350,25,2014-06-22,Seattle,4.6,lucas.chen452@example.com
1453,Harper Nguyen,44,Male,HR,Senior HRBP,102649,22,2011-04-30,Austin,4.8,harper.nguyen453@example.com
1454,Henry Williams,38,Female,Operations,Operations Director,76725,18,2010-11-02,Denver,4.8,henry.williams454@example.com
1455,Evelyn Johnson,50,Male,Marketing,Marketing Coordinator,87946,25,2013-12-11,Miami,4.8,evelyn.johnson455@example.com
1456,Alexander Brown,49,Female,Sales,Sales Operations Manager,69763,25,2021-02-10,Atlanta,4.0,alexander.brown456@example.com
1457,Sofia Garcia,26,Male,Engineering,Frontend Developer,102941,2,2016-09-10,New York,4.4,sofia.garcia457@example.com
1458,Daniel Martinez,45,Female,Finance,Finance Operations Manager,79064,23,2020-03-11,Los Angeles,4.9,daniel.martinez458@example.com
1459,Emily Davis,55,Male,HR,HR Director,136211,25,2021-04-23,San Francisco,4.3,emily.davis459@example.com
1460,Matthew Wilson,31,Female,Operations,Project Coordinator,90272,9,2013-08-24,Boston,4.6,matthew.wilson460@example.com
1461,Grace Moore,40,Male,Marketing,Marketing Analyst,149972,21,2014-03-06,Chicago,3.8,grace.moore461@example.com
1462,Joseph Taylor,42,Female,Sales,Sales Associate,109185,22,2014-05-02,Seattle,4.0,joseph.taylor462@example.com
1463,Nora Anderson,49,Male,Engineering,Data Scientist,148719,25,2019-08-05,Austin,4.4,nora.anderson463@example.com
1464,Samuel Thomas,49,Female,Finance,Finance Manager,76368,25,2012-02-21,Denver,4.0,samuel.thomas464@example.com
1465,Abigail Jackson,54,Male,HR,Senior HRBP,83430,25,2015-07-26,Miami,3.8,abigail.jackson465@example.com
1466,David White,39,Female,Operations,Operations Director,115275,18,2015-12-28,Atlanta,4.8,david.white466@example.com
1467,Victoria Harris,24,Male,Marketing,Brand Manager,104576,2,2018-01-24,New York,4.6,victoria.harris467@example.com
1468,Owen Martin,31,Female,Sales,Regional Sales Lead,73142,10,2016-11-18,Los Angeles,4.0,owen.martin468@example.com
1469,Scarlett Thompson,43,Male,Engineering,Software Engineer,154925,24,2012-08-19,San Francisco,4.5,scarlett.thompson469@example.com
1470,Jack Lee,47,Female,Finance,Finance Director,103671,25,2014-12-15,Boston,4.0,jack.lee470@example.com
1471,Lily Perez,54,Male,HR,HR Director,82507,25,2020-03-16,Chicago,4.6,lily.perez471@example.com
1472,Chloe Clark,47,Female,Operations,Project Coordinator,144395,25,2022-04-27,Seattle,4.8,chloe.clark472@example.com
1473,Levi Lewis,37,Male,Marketing,Product Marketing Manager,135453,19,2015-07-21,Austin,4.5,levi.lewis473@example.com
1474,Zoe Walker,29,Female,Sales,Account Manager,143094,9,2020-01-08,Denver,4.4,zoe.walker474@example.com
1475,Julian Hall,28,Male,Engineering,Frontend Developer,112419,8,2012-07-08,Miami,3.9,julian.hall475@example.com
1476,Aria Allen,36,Female,Finance,Finance Analyst,136781,16,2022-01-14,Atlanta,4.0,aria.allen476@example.com
1477,Caleb Young,52,Male,HR,Senior HRBP,108007,25,2014-08-10,New York,4.6,caleb.young477@example.com
1478,Penelope King,29,Female,Operations,Operations Director,129071,9,2019-12-29,Los Angeles,4.7,penelope.king478@example.com
1479,Isaac Wright,32,Male,Marketing,Brand Strategist,124432,12,2019-04-27,San Francisco,4.3,isaac.wright479@example.com
1480,Stella Scott,53,Female,Sales,Sales Representative,72567,25,2016-11-29,Boston,4.6,stella.scott480@example.com
1481,Jonathan Adams,40,Male,Engineering,Data Scientist,116897,22,2010-01-25,Chicago,4.6,jonathan.adams481@example.com
1482,Hannah Baker,28,Female,Finance,Financial Planner,140800,4,2019-07-03,Seattle,4.2,hannah.baker482@example.com
1483,Christopher Gonzalez,27,Male,HR,HR Director,73357,3,2020-08-03,Austin,3.8,christopher.gonzalez483@example.com
1484,Addison Nelson,35,Female,Operations,Project Coordinator,118591,17,2013-01-14,Denver,4.6,addison.nelson484@example.com
1485,Gabriel Carter,50,Male,Marketing,Marketing Coordinator,149656,25,2018-07-31,Miami,4.3,gabriel.carter485@example.com
1486,Elizabeth Mitchell,48,Female,Sales,Sales Consultant,114479,24,2022-02-04,Atlanta,3.9,elizabeth.mitchell486@example.com
1487,Andrew Rivera,31,Male,Engineering,Software Engineer,110582,8,2022-01-19,New York,4.2,andrew.rivera487@example.com
1488,Lucy Roberts,38,Female,Finance,Accountant,81691,20,2010-01-29,Los Angeles,4.6,lucy.roberts488@example.com
1489,Joshua Turner,53,Male,HR,Senior HRBP,104107,25,2022-03-19,San Francisco,4.3,joshua.turner489@example.com
1490,Ellie Phillips,38,Female,Operations,Operations Director,114712,15,2020-05-01,Boston,4.2,ellie.phillips490@example.com
1491,Logan Campbell,36,Male,Marketing,Marketing Analyst,101129,17,2012-07-13,Chicago,3.8,logan.campbell491@example.com
1492,Leah Parker,50,Female,Sales,Sales Manager,151533,25,2010-05-09,Seattle,4.1,leah.parker492@example.com
1493,Isaiah Evans,30,Male,Engineering,Frontend Developer,73819,10,2010-10-03,Austin,4.3,isaiah.evans493@example.com
1494,Madison Edwards,27,Female,Finance,Senior Analyst,153083,4,2010-12-29,Denver,4.2,madison.edwards494@example.com
1495,Connor Collins,37,Male,HR,HR Director,95715,19,2011-04-08,Miami,4.0,connor.collins495@example.com
1496,Layla Stewart,38,Female,Operations,Project Coordinator,102914,20,2022-12-03,Atlanta,4.2,layla.stewart496@example.com
1497,Audrey Sanchez,44,Male,Marketing,Brand Manager,143370,21,2016-10-08,New York,4.8,audrey.sanchez497@example.com
1498,Wyatt Morris,38,Female,Sales,Sales Operations Manager,151535,17,2016-09-27,Los Angeles,4.1,wyatt.morris498@example.com
1499,Nathan Rogers,35,Male,Engineering,Data Scientist,137970,16,2019-08-01,San Francisco,4.4,nathan.rogers499@example.com
1500,Zoey Reed,46,Female,Finance,Finance Operations Manager,71145,25,2018-07-20,Boston,4.7,zoey.reed500@example.com
